source_x,source_y,image_positions,magnifications
0,0,"[(0.1, 0.1), (0.2, 0.2)]","[1.5, 2.0]"
1,1,"[(1.1, 1.1), (1.2, 1.2)]","[1.5, 2.0]"
2,2,"[(2.1, 2.1), (2.2, 2.2)]","[1.5, 2.0]"
3,3,"[(3.1, 3.1), (3.2, 3.2)]","[1.5, 2.0]"
4,4,"[(4.1, 4.1), (4.2, 4.2)]","[1.5, 2.0]"
5,5,"[(5.1, 5.1), (5.2, 5.2)]","[1.5, 2.0]"
6,6,"[(6.1, 6.1), (6.2, 6.2)]","[1.5, 2.0]"
7,7,"[(7.1, 7.1), (7.2, 7.2)]","[1.5, 2.0]"
8,8,"[(8.1, 8.1), (8.2, 8.2)]","[1.5, 2.0]"
9,9,"[(9.1, 9.1), (9.2, 9.2)]","[1.5, 2.0]"
10,10,"[(10.1, 10.1), (10.2, 10.2)]","[1.5, 2.0]"
11,11,"[(11.1, 11.1), (11.2, 11.2)]","[1.5, 2.0]"
12,12,"[(12.1, 12.1), (12.2, 12.2)]","[1.5, 2.0]"
13,13,"[(13.1, 13.1), (13.2, 13.2)]","[1.5, 2.0]"
14,14,"[(14.1, 14.1), (14.2, 14.2)]","[1.5, 2.0]"
15,15,"[(15.1, 15.1), (15.2, 15.2)]","[1.5, 2.0]"
16,16,"[(16.1, 16.1), (16.2, 16.2)]","[1.5, 2.0]"
17,17,"[(17.1, 17.1), (17.2, 17.2)]","[1.5, 2.0]"
18,18,"[(18.1, 18.1), (18.2, 18.2)]","[1.5, 2.0]"
19,19,"[(19.1, 19.1), (19.2, 19.2)]","[1.5, 2.0]"
20,20,"[(20.1, 20.1), (20.2, 20.2)]","[1.5, 2.0]"
21,21,"[(21.1, 21.1), (21.2, 21.2)]","[1.5, 2.0]"
22,22,"[(22.1, 22.1), (22.2, 22.2)]","[1.5, 2.0]"
23,23,"[(23.1, 23.1), (23.2, 23.2)]","[1.5, 2.0]"
24,24,"[(24.1, 24.1), (24.2, 24.2)]","[1.5, 2.0]"
25,25,"[(25.1, 25.1), (25.2, 25.2)]","[1.5, 2.0]"
26,26,"[(26.1, 26.1), (26.2, 26.2)]","[1.5, 2.0]"
27,27,"[(27.1, 27.1), (27.2, 27.2)]","[1.5, 2.0]"
28,28,"[(28.1, 28.1), (28.2, 28.2)]","[1.5, 2.0]"
29,29,"[(29.1, 29.1), (29.2, 29.2)]","[1.5, 2.0]"
30,30,"[(30.1, 30.1), (30.2, 30.2)]","[1.5, 2.0]"
31,31,"[(31.1, 31.1), (31.2, 31.2)]","[1.5, 2.0]"
32,32,"[(32.1, 32.1), (32.2, 32.2)]","[1.5, 2.0]"
33,33,"[(33.1, 33.1), (33.2, 33.2)]","[1.5, 2.0]"
34,34,"[(34.1, 34.1), (34.2, 34.2)]","[1.5, 2.0]"
35,35,"[(35.1, 35.1), (35.2, 35.2)]","[1.5, 2.0]"
36,36,"[(36.1, 36.1), (36.2, 36.2)]","[1.5, 2.0]"
37,37,"[(37.1, 37.1), (37.2, 37.2)]","[1.5, 2.0]"
38,38,"[(38.1, 38.1), (38.2, 38.2)]","[1.5, 2.0]"
39,39,"[(39.1, 39.1), (39.2, 39.2)]","[1.5, 2.0]"
40,40,"[(40.1, 40.1), (40.2, 40.2)]","[1.5, 2.0]"
41,41,"[(41.1, 41.1), (41.2, 41.2)]","[1.5, 2.0]"
42,42,"[(42.1, 42.1), (42.2, 42.2)]","[1.5, 2.0]"
43,43,"[(43.1, 43.1), (43.2, 43.2)]","[1.5, 2.0]"
44,44,"[(44.1, 44.1), (44.2, 44.2)]","[1.5, 2.0]"
45,45,"[(45.1, 45.1), (45.2, 45.2)]","[1.5, 2.0]"
46,46,"[(46.1, 46.1), (46.2, 46.2)]","[1.5, 2.0]"
47,47,"[(47.1, 47.1), (47.2, 47.2)]","[1.5, 2.0]"
48,48,"[(48.1, 48.1), (48.2, 48.2)]","[1.5, 2.0]"
49,49,"[(49.1, 49.1), (49.2, 49.2)]","[1.5, 2.0]"
50,50,"[(50.1, 50.1), (50.2, 50.2)]","[1.5, 2.0]"
51,51,"[(51.1, 51.1), (51.2, 51.2)]","[1.5, 2.0]"
52,52,"[(52.1, 52.1), (52.2, 52.2)]","[1.5, 2.0]"
53,53,"[(53.1, 53.1), (53.2, 53.2)]","[1.5, 2.0]"
54,54,"[(54.1, 54.1), (54.2, 54.2)]","[1.5, 2.0]"
55,55,"[(55.1, 55.1), (55.2, 55.2)]","[1.5, 2.0]"
56,56,"[(56.1, 56.1), (56.2, 56.2)]","[1.5, 2.0]"
57,57,"[(57.1, 57.1), (57.2, 57.2)]","[1.5, 2.0]"
58,58,"[(58.1, 58.1), (58.2, 58.2)]","[1.5, 2.0]"
59,59,"[(59.1, 59.1), (59.2, 59.2)]","[1.5, 2.0]"
60,60,"[(60.1, 60.1), (60.2, 60.2)]","[1.5, 2.0]"
61,61,"[(61.1, 61.1), (61.2, 61.2)]","[1.5, 2.0]"
62,62,"[(62.1, 62.1), (62.2, 62.2)]","[1.5, 2.0]"
63,63,"[(63.1, 63.1), (63.2, 63.2)]","[1.5, 2.0]"
64,64,"[(64.1, 64.1), (64.2, 64.2)]","[1.5, 2.0]"
65,65,"[(65.1, 65.1), (65.2, 65.2)]","[1.5, 2.0]"
66,66,"[(66.1, 66.1), (66.2, 66.2)]","[1.5, 2.0]"
67,67,"[(67.1, 67.1), (67.2, 67.2)]","[1.5, 2.0]"
68,68,"[(68.1, 68.1), (68.2, 68.2)]","[1.5, 2.0]"
69,69,"[(69.1, 69.1), (69.2, 69.2)]","[1.5, 2.0]"
70,70,"[(70.1, 70.1), (70.2, 70.2)]","[1.5, 2.0]"
71,71,"[(71.1, 71.1), (71.2, 71.2)]","[1.5, 2.0]"
72,72,"[(72.1, 72.1), (72.2, 72.2)]","[1.5, 2.0]"
73,73,"[(73.1, 73.1), (73.2, 73.2)]","[1.5, 2.0]"
74,74,"[(74.1, 74.1), (74.2, 74.2)]","[1.5, 2.0]"
75,75,"[(75.1, 75.1), (75.2, 75.2)]","[1.5, 2.0]"
76,76,"[(76.1, 76.1), (76.2, 76.2)]","[1.5, 2.0]"
77,77,"[(77.1, 77.1), (77.2, 77.2)]","[1.5, 2.0]"
78,78,"[(78.1, 78.1), (78.2, 78.2)]","[1.5, 2.0]"
79,79,"[(79.1, 79.1), (79.2, 79.2)]","[1.5, 2.0]"
80,80,"[(80.1, 80.1), (80.2, 80.2)]","[1.5, 2.0]"
81,81,"[(81.1, 81.1), (81.2, 81.2)]","[1.5, 2.0]"
82,82,"[(82.1, 82.1), (82.2, 82.2)]","[1.5, 2.0]"
83,83,"[(83.1, 83.1), (83.2, 83.2)]","[1.5, 2.0]"
84,84,"[(84.1, 84.1), (84.2, 84.2)]","[1.5, 2.0]"
85,85,"[(85.1, 85.1), (85.2, 85.2)]","[1.5, 2.0]"
86,86,"[(86.1, 86.1), (86.2, 86.2)]","[1.5, 2.0]"
87,87,"[(87.1, 87.1), (87.2, 87.2)]","[1.5, 2.0]"
88,88,"[(88.1, 88.1), (88.2, 88.2)]","[1.5, 2.0]"
89,89,"[(89.1, 89.1), (89.2, 89.2)]","[1.5, 2.0]"
90,90,"[(90.1, 90.1), (90.2, 90.2)]","[1.5, 2.0]"
91,91,"[(91.1, 91.1), (91.2, 91.2)]","[1.5, 2.0]"
92,92,"[(92.1, 92.1), (92.2, 92.2)]","[1.5, 2.0]"
93,93,"[(93.1, 93.1), (93.2, 93.2)]","[1.5, 2.0]"
94,94,"[(94.1, 94.1), (94.2, 94.2)]","[1.5, 2.0]"
95,95,"[(95.1, 95.1), (95.2, 95.2)]","[1.5, 2.0]"
96,96,"[(96.1, 96.1), (96.2, 96.2)]","[1.5, 2.0]"
97,97,"[(97.1, 97.1), (97.2, 97.2)]","[1.5, 2.0]"
98,98,"[(98.1, 98.1), (98.2, 98.2)]","[1.5, 2.0]"
99,99,"[(99.1, 99.1), (99.2, 99.2)]","[1.5, 2.0]"
100,100,"[(100.1, 100.1), (100.2, 100.2)]","[1.5, 2.0]"
101,101,"[(101.1, 101.1), (101.2, 101.2)]","[1.5, 2.0]"
102,102,"[(102.1, 102.1), (102.2, 102.2)]","[1.5, 2.0]"
103,103,"[(103.1, 103.1), (103.2, 103.2)]","[1.5, 2.0]"
104,104,"[(104.1, 104.1), (104.2, 104.2)]","[1.5, 2.0]"
105,105,"[(105.1, 105.1), (105.2, 105.2)]","[1.5, 2.0]"
106,106,"[(106.1, 106.1), (106.2, 106.2)]","[1.5, 2.0]"
107,107,"[(107.1, 107.1), (107.2, 107.2)]","[1.5, 2.0]"
108,108,"[(108.1, 108.1), (108.2, 108.2)]","[1.5, 2.0]"
109,109,"[(109.1, 109.1), (109.2, 109.2)]","[1.5, 2.0]"
110,110,"[(110.1, 110.1), (110.2, 110.2)]","[1.5, 2.0]"
111,111,"[(111.1, 111.1), (111.2, 111.2)]","[1.5, 2.0]"
112,112,"[(112.1, 112.1), (112.2, 112.2)]","[1.5, 2.0]"
113,113,"[(113.1, 113.1), (113.2, 113.2)]","[1.5, 2.0]"
114,114,"[(114.1, 114.1), (114.2, 114.2)]","[1.5, 2.0]"
115,115,"[(115.1, 115.1), (115.2, 115.2)]","[1.5, 2.0]"
116,116,"[(116.1, 116.1), (116.2, 116.2)]","[1.5, 2.0]"
117,117,"[(117.1, 117.1), (117.2, 117.2)]","[1.5, 2.0]"
118,118,"[(118.1, 118.1), (118.2, 118.2)]","[1.5, 2.0]"
119,119,"[(119.1, 119.1), (119.2, 119.2)]","[1.5, 2.0]"
120,120,"[(120.1, 120.1), (120.2, 120.2)]","[1.5, 2.0]"
121,121,"[(121.1, 121.1), (121.2, 121.2)]","[1.5, 2.0]"
122,122,"[(122.1, 122.1), (122.2, 122.2)]","[1.5, 2.0]"
123,123,"[(123.1, 123.1), (123.2, 123.2)]","[1.5, 2.0]"
124,124,"[(124.1, 124.1), (124.2, 124.2)]","[1.5, 2.0]"
125,125,"[(125.1, 125.1), (125.2, 125.2)]","[1.5, 2.0]"
126,126,"[(126.1, 126.1), (126.2, 126.2)]","[1.5, 2.0]"
127,127,"[(127.1, 127.1), (127.2, 127.2)]","[1.5, 2.0]"
128,128,"[(128.1, 128.1), (128.2, 128.2)]","[1.5, 2.0]"
129,129,"[(129.1, 129.1), (129.2, 129.2)]","[1.5, 2.0]"
130,130,"[(130.1, 130.1), (130.2, 130.2)]","[1.5, 2.0]"
131,131,"[(131.1, 131.1), (131.2, 131.2)]","[1.5, 2.0]"
132,132,"[(132.1, 132.1), (132.2, 132.2)]","[1.5, 2.0]"
133,133,"[(133.1, 133.1), (133.2, 133.2)]","[1.5, 2.0]"
134,134,"[(134.1, 134.1), (134.2, 134.2)]","[1.5, 2.0]"
135,135,"[(135.1, 135.1), (135.2, 135.2)]","[1.5, 2.0]"
136,136,"[(136.1, 136.1), (136.2, 136.2)]","[1.5, 2.0]"
137,137,"[(137.1, 137.1), (137.2, 137.2)]","[1.5, 2.0]"
138,138,"[(138.1, 138.1), (138.2, 138.2)]","[1.5, 2.0]"
139,139,"[(139.1, 139.1), (139.2, 139.2)]","[1.5, 2.0]"
140,140,"[(140.1, 140.1), (140.2, 140.2)]","[1.5, 2.0]"
141,141,"[(141.1, 141.1), (141.2, 141.2)]","[1.5, 2.0]"
142,142,"[(142.1, 142.1), (142.2, 142.2)]","[1.5, 2.0]"
143,143,"[(143.1, 143.1), (143.2, 143.2)]","[1.5, 2.0]"
144,144,"[(144.1, 144.1), (144.2, 144.2)]","[1.5, 2.0]"
145,145,"[(145.1, 145.1), (145.2, 145.2)]","[1.5, 2.0]"
146,146,"[(146.1, 146.1), (146.2, 146.2)]","[1.5, 2.0]"
147,147,"[(147.1, 147.1), (147.2, 147.2)]","[1.5, 2.0]"
148,148,"[(148.1, 148.1), (148.2, 148.2)]","[1.5, 2.0]"
149,149,"[(149.1, 149.1), (149.2, 149.2)]","[1.5, 2.0]"
150,150,"[(150.1, 150.1), (150.2, 150.2)]","[1.5, 2.0]"
151,151,"[(151.1, 151.1), (151.2, 151.2)]","[1.5, 2.0]"
152,152,"[(152.1, 152.1), (152.2, 152.2)]","[1.5, 2.0]"
153,153,"[(153.1, 153.1), (153.2, 153.2)]","[1.5, 2.0]"
154,154,"[(154.1, 154.1), (154.2, 154.2)]","[1.5, 2.0]"
155,155,"[(155.1, 155.1), (155.2, 155.2)]","[1.5, 2.0]"
156,156,"[(156.1, 156.1), (156.2, 156.2)]","[1.5, 2.0]"
157,157,"[(157.1, 157.1), (157.2, 157.2)]","[1.5, 2.0]"
158,158,"[(158.1, 158.1), (158.2, 158.2)]","[1.5, 2.0]"
159,159,"[(159.1, 159.1), (159.2, 159.2)]","[1.5, 2.0]"
160,160,"[(160.1, 160.1), (160.2, 160.2)]","[1.5, 2.0]"
161,161,"[(161.1, 161.1), (161.2, 161.2)]","[1.5, 2.0]"
162,162,"[(162.1, 162.1), (162.2, 162.2)]","[1.5, 2.0]"
163,163,"[(163.1, 163.1), (163.2, 163.2)]","[1.5, 2.0]"
164,164,"[(164.1, 164.1), (164.2, 164.2)]","[1.5, 2.0]"
165,165,"[(165.1, 165.1), (165.2, 165.2)]","[1.5, 2.0]"
166,166,"[(166.1, 166.1), (166.2, 166.2)]","[1.5, 2.0]"
167,167,"[(167.1, 167.1), (167.2, 167.2)]","[1.5, 2.0]"
168,168,"[(168.1, 168.1), (168.2, 168.2)]","[1.5, 2.0]"
169,169,"[(169.1, 169.1), (169.2, 169.2)]","[1.5, 2.0]"
170,170,"[(170.1, 170.1), (170.2, 170.2)]","[1.5, 2.0]"
171,171,"[(171.1, 171.1), (171.2, 171.2)]","[1.5, 2.0]"
172,172,"[(172.1, 172.1), (172.2, 172.2)]","[1.5, 2.0]"
173,173,"[(173.1, 173.1), (173.2, 173.2)]","[1.5, 2.0]"
174,174,"[(174.1, 174.1), (174.2, 174.2)]","[1.5, 2.0]"
175,175,"[(175.1, 175.1), (175.2, 175.2)]","[1.5, 2.0]"
176,176,"[(176.1, 176.1), (176.2, 176.2)]","[1.5, 2.0]"
177,177,"[(177.1, 177.1), (177.2, 177.2)]","[1.5, 2.0]"
178,178,"[(178.1, 178.1), (178.2, 178.2)]","[1.5, 2.0]"
179,179,"[(179.1, 179.1), (179.2, 179.2)]","[1.5, 2.0]"
180,180,"[(180.1, 180.1), (180.2, 180.2)]","[1.5, 2.0]"
181,181,"[(181.1, 181.1), (181.2, 181.2)]","[1.5, 2.0]"
182,182,"[(182.1, 182.1), (182.2, 182.2)]","[1.5, 2.0]"
183,183,"[(183.1, 183.1), (183.2, 183.2)]","[1.5, 2.0]"
184,184,"[(184.1, 184.1), (184.2, 184.2)]","[1.5, 2.0]"
185,185,"[(185.1, 185.1), (185.2, 185.2)]","[1.5, 2.0]"
186,186,"[(186.1, 186.1), (186.2, 186.2)]","[1.5, 2.0]"
187,187,"[(187.1, 187.1), (187.2, 187.2)]","[1.5, 2.0]"
188,188,"[(188.1, 188.1), (188.2, 188.2)]","[1.5, 2.0]"
189,189,"[(189.1, 189.1), (189.2, 189.2)]","[1.5, 2.0]"
190,190,"[(190.1, 190.1), (190.2, 190.2)]","[1.5, 2.0]"
191,191,"[(191.1, 191.1), (191.2, 191.2)]","[1.5, 2.0]"
192,192,"[(192.1, 192.1), (192.2, 192.2)]","[1.5, 2.0]"
193,193,"[(193.1, 193.1), (193.2, 193.2)]","[1.5, 2.0]"
194,194,"[(194.1, 194.1), (194.2, 194.2)]","[1.5, 2.0]"
195,195,"[(195.1, 195.1), (195.2, 195.2)]","[1.5, 2.0]"
196,196,"[(196.1, 196.1), (196.2, 196.2)]","[1.5, 2.0]"
197,197,"[(197.1, 197.1), (197.2, 197.2)]","[1.5, 2.0]"
198,198,"[(198.1, 198.1), (198.2, 198.2)]","[1.5, 2.0]"
199,199,"[(199.1, 199.1), (199.2, 199.2)]","[1.5, 2.0]"
200,200,"[(200.1, 200.1), (200.2, 200.2)]","[1.5, 2.0]"
201,201,"[(201.1, 201.1), (201.2, 201.2)]","[1.5, 2.0]"
202,202,"[(202.1, 202.1), (202.2, 202.2)]","[1.5, 2.0]"
203,203,"[(203.1, 203.1), (203.2, 203.2)]","[1.5, 2.0]"
204,204,"[(204.1, 204.1), (204.2, 204.2)]","[1.5, 2.0]"
205,205,"[(205.1, 205.1), (205.2, 205.2)]","[1.5, 2.0]"
206,206,"[(206.1, 206.1), (206.2, 206.2)]","[1.5, 2.0]"
207,207,"[(207.1, 207.1), (207.2, 207.2)]","[1.5, 2.0]"
208,208,"[(208.1, 208.1), (208.2, 208.2)]","[1.5, 2.0]"
209,209,"[(209.1, 209.1), (209.2, 209.2)]","[1.5, 2.0]"
210,210,"[(210.1, 210.1), (210.2, 210.2)]","[1.5, 2.0]"
211,211,"[(211.1, 211.1), (211.2, 211.2)]","[1.5, 2.0]"
212,212,"[(212.1, 212.1), (212.2, 212.2)]","[1.5, 2.0]"
213,213,"[(213.1, 213.1), (213.2, 213.2)]","[1.5, 2.0]"
214,214,"[(214.1, 214.1), (214.2, 214.2)]","[1.5, 2.0]"
215,215,"[(215.1, 215.1), (215.2, 215.2)]","[1.5, 2.0]"
216,216,"[(216.1, 216.1), (216.2, 216.2)]","[1.5, 2.0]"
217,217,"[(217.1, 217.1), (217.2, 217.2)]","[1.5, 2.0]"
218,218,"[(218.1, 218.1), (218.2, 218.2)]","[1.5, 2.0]"
219,219,"[(219.1, 219.1), (219.2, 219.2)]","[1.5, 2.0]"
220,220,"[(220.1, 220.1), (220.2, 220.2)]","[1.5, 2.0]"
221,221,"[(221.1, 221.1), (221.2, 221.2)]","[1.5, 2.0]"
222,222,"[(222.1, 222.1), (222.2, 222.2)]","[1.5, 2.0]"
223,223,"[(223.1, 223.1), (223.2, 223.2)]","[1.5, 2.0]"
224,224,"[(224.1, 224.1), (224.2, 224.2)]","[1.5, 2.0]"
225,225,"[(225.1, 225.1), (225.2, 225.2)]","[1.5, 2.0]"
226,226,"[(226.1, 226.1), (226.2, 226.2)]","[1.5, 2.0]"
227,227,"[(227.1, 227.1), (227.2, 227.2)]","[1.5, 2.0]"
228,228,"[(228.1, 228.1), (228.2, 228.2)]","[1.5, 2.0]"
229,229,"[(229.1, 229.1), (229.2, 229.2)]","[1.5, 2.0]"
230,230,"[(230.1, 230.1), (230.2, 230.2)]","[1.5, 2.0]"
231,231,"[(231.1, 231.1), (231.2, 231.2)]","[1.5, 2.0]"
232,232,"[(232.1, 232.1), (232.2, 232.2)]","[1.5, 2.0]"
233,233,"[(233.1, 233.1), (233.2, 233.2)]","[1.5, 2.0]"
234,234,"[(234.1, 234.1), (234.2, 234.2)]","[1.5, 2.0]"
235,235,"[(235.1, 235.1), (235.2, 235.2)]","[1.5, 2.0]"
236,236,"[(236.1, 236.1), (236.2, 236.2)]","[1.5, 2.0]"
237,237,"[(237.1, 237.1), (237.2, 237.2)]","[1.5, 2.0]"
238,238,"[(238.1, 238.1), (238.2, 238.2)]","[1.5, 2.0]"
239,239,"[(239.1, 239.1), (239.2, 239.2)]","[1.5, 2.0]"
240,240,"[(240.1, 240.1), (240.2, 240.2)]","[1.5, 2.0]"
241,241,"[(241.1, 241.1), (241.2, 241.2)]","[1.5, 2.0]"
242,242,"[(242.1, 242.1), (242.2, 242.2)]","[1.5, 2.0]"
243,243,"[(243.1, 243.1), (243.2, 243.2)]","[1.5, 2.0]"
244,244,"[(244.1, 244.1), (244.2, 244.2)]","[1.5, 2.0]"
245,245,"[(245.1, 245.1), (245.2, 245.2)]","[1.5, 2.0]"
246,246,"[(246.1, 246.1), (246.2, 246.2)]","[1.5, 2.0]"
247,247,"[(247.1, 247.1), (247.2, 247.2)]","[1.5, 2.0]"
248,248,"[(248.1, 248.1), (248.2, 248.2)]","[1.5, 2.0]"
249,249,"[(249.1, 249.1), (249.2, 249.2)]","[1.5, 2.0]"
250,250,"[(250.1, 250.1), (250.2, 250.2)]","[1.5, 2.0]"
251,251,"[(251.1, 251.1), (251.2, 251.2)]","[1.5, 2.0]"
252,252,"[(252.1, 252.1), (252.2, 252.2)]","[1.5, 2.0]"
253,253,"[(253.1, 253.1), (253.2, 253.2)]","[1.5, 2.0]"
254,254,"[(254.1, 254.1), (254.2, 254.2)]","[1.5, 2.0]"
255,255,"[(255.1, 255.1), (255.2, 255.2)]","[1.5, 2.0]"
256,256,"[(256.1, 256.1), (256.2, 256.2)]","[1.5, 2.0]"
257,257,"[(257.1, 257.1), (257.2, 257.2)]","[1.5, 2.0]"
258,258,"[(258.1, 258.1), (258.2, 258.2)]","[1.5, 2.0]"
259,259,"[(259.1, 259.1), (259.2, 259.2)]","[1.5, 2.0]"
260,260,"[(260.1, 260.1), (260.2, 260.2)]","[1.5, 2.0]"
261,261,"[(261.1, 261.1), (261.2, 261.2)]","[1.5, 2.0]"
262,262,"[(262.1, 262.1), (262.2, 262.2)]","[1.5, 2.0]"
263,263,"[(263.1, 263.1), (263.2, 263.2)]","[1.5, 2.0]"
264,264,"[(264.1, 264.1), (264.2, 264.2)]","[1.5, 2.0]"
265,265,"[(265.1, 265.1), (265.2, 265.2)]","[1.5, 2.0]"
266,266,"[(266.1, 266.1), (266.2, 266.2)]","[1.5, 2.0]"
267,267,"[(267.1, 267.1), (267.2, 267.2)]","[1.5, 2.0]"
268,268,"[(268.1, 268.1), (268.2, 268.2)]","[1.5, 2.0]"
269,269,"[(269.1, 269.1), (269.2, 269.2)]","[1.5, 2.0]"
270,270,"[(270.1, 270.1), (270.2, 270.2)]","[1.5, 2.0]"
271,271,"[(271.1, 271.1), (271.2, 271.2)]","[1.5, 2.0]"
272,272,"[(272.1, 272.1), (272.2, 272.2)]","[1.5, 2.0]"
273,273,"[(273.1, 273.1), (273.2, 273.2)]","[1.5, 2.0]"
274,274,"[(274.1, 274.1), (274.2, 274.2)]","[1.5, 2.0]"
275,275,"[(275.1, 275.1), (275.2, 275.2)]","[1.5, 2.0]"
276,276,"[(276.1, 276.1), (276.2, 276.2)]","[1.5, 2.0]"
277,277,"[(277.1, 277.1), (277.2, 277.2)]","[1.5, 2.0]"
278,278,"[(278.1, 278.1), (278.2, 278.2)]","[1.5, 2.0]"
279,279,"[(279.1, 279.1), (279.2, 279.2)]","[1.5, 2.0]"
280,280,"[(280.1, 280.1), (280.2, 280.2)]","[1.5, 2.0]"
281,281,"[(281.1, 281.1), (281.2, 281.2)]","[1.5, 2.0]"
282,282,"[(282.1, 282.1), (282.2, 282.2)]","[1.5, 2.0]"
283,283,"[(283.1, 283.1), (283.2, 283.2)]","[1.5, 2.0]"
284,284,"[(284.1, 284.1), (284.2, 284.2)]","[1.5, 2.0]"
285,285,"[(285.1, 285.1), (285.2, 285.2)]","[1.5, 2.0]"
286,286,"[(286.1, 286.1), (286.2, 286.2)]","[1.5, 2.0]"
287,287,"[(287.1, 287.1), (287.2, 287.2)]","[1.5, 2.0]"
288,288,"[(288.1, 288.1), (288.2, 288.2)]","[1.5, 2.0]"
289,289,"[(289.1, 289.1), (289.2, 289.2)]","[1.5, 2.0]"
290,290,"[(290.1, 290.1), (290.2, 290.2)]","[1.5, 2.0]"
291,291,"[(291.1, 291.1), (291.2, 291.2)]","[1.5, 2.0]"
292,292,"[(292.1, 292.1), (292.2, 292.2)]","[1.5, 2.0]"
293,293,"[(293.1, 293.1), (293.2, 293.2)]","[1.5, 2.0]"
294,294,"[(294.1, 294.1), (294.2, 294.2)]","[1.5, 2.0]"
295,295,"[(295.1, 295.1), (295.2, 295.2)]","[1.5, 2.0]"
296,296,"[(296.1, 296.1), (296.2, 296.2)]","[1.5, 2.0]"
297,297,"[(297.1, 297.1), (297.2, 297.2)]","[1.5, 2.0]"
298,298,"[(298.1, 298.1), (298.2, 298.2)]","[1.5, 2.0]"
299,299,"[(299.1, 299.1), (299.2, 299.2)]","[1.5, 2.0]"
300,300,"[(300.1, 300.1), (300.2, 300.2)]","[1.5, 2.0]"
301,301,"[(301.1, 301.1), (301.2, 301.2)]","[1.5, 2.0]"
302,302,"[(302.1, 302.1), (302.2, 302.2)]","[1.5, 2.0]"
303,303,"[(303.1, 303.1), (303.2, 303.2)]","[1.5, 2.0]"
304,304,"[(304.1, 304.1), (304.2, 304.2)]","[1.5, 2.0]"
305,305,"[(305.1, 305.1), (305.2, 305.2)]","[1.5, 2.0]"
306,306,"[(306.1, 306.1), (306.2, 306.2)]","[1.5, 2.0]"
307,307,"[(307.1, 307.1), (307.2, 307.2)]","[1.5, 2.0]"
308,308,"[(308.1, 308.1), (308.2, 308.2)]","[1.5, 2.0]"
309,309,"[(309.1, 309.1), (309.2, 309.2)]","[1.5, 2.0]"
310,310,"[(310.1, 310.1), (310.2, 310.2)]","[1.5, 2.0]"
311,311,"[(311.1, 311.1), (311.2, 311.2)]","[1.5, 2.0]"
312,312,"[(312.1, 312.1), (312.2, 312.2)]","[1.5, 2.0]"
313,313,"[(313.1, 313.1), (313.2, 313.2)]","[1.5, 2.0]"
314,314,"[(314.1, 314.1), (314.2, 314.2)]","[1.5, 2.0]"
315,315,"[(315.1, 315.1), (315.2, 315.2)]","[1.5, 2.0]"
316,316,"[(316.1, 316.1), (316.2, 316.2)]","[1.5, 2.0]"
317,317,"[(317.1, 317.1), (317.2, 317.2)]","[1.5, 2.0]"
318,318,"[(318.1, 318.1), (318.2, 318.2)]","[1.5, 2.0]"
319,319,"[(319.1, 319.1), (319.2, 319.2)]","[1.5, 2.0]"
320,320,"[(320.1, 320.1), (320.2, 320.2)]","[1.5, 2.0]"
321,321,"[(321.1, 321.1), (321.2, 321.2)]","[1.5, 2.0]"
322,322,"[(322.1, 322.1), (322.2, 322.2)]","[1.5, 2.0]"
323,323,"[(323.1, 323.1), (323.2, 323.2)]","[1.5, 2.0]"
324,324,"[(324.1, 324.1), (324.2, 324.2)]","[1.5, 2.0]"
325,325,"[(325.1, 325.1), (325.2, 325.2)]","[1.5, 2.0]"
326,326,"[(326.1, 326.1), (326.2, 326.2)]","[1.5, 2.0]"
327,327,"[(327.1, 327.1), (327.2, 327.2)]","[1.5, 2.0]"
328,328,"[(328.1, 328.1), (328.2, 328.2)]","[1.5, 2.0]"
329,329,"[(329.1, 329.1), (329.2, 329.2)]","[1.5, 2.0]"
330,330,"[(330.1, 330.1), (330.2, 330.2)]","[1.5, 2.0]"
331,331,"[(331.1, 331.1), (331.2, 331.2)]","[1.5, 2.0]"
332,332,"[(332.1, 332.1), (332.2, 332.2)]","[1.5, 2.0]"
333,333,"[(333.1, 333.1), (333.2, 333.2)]","[1.5, 2.0]"
334,334,"[(334.1, 334.1), (334.2, 334.2)]","[1.5, 2.0]"
335,335,"[(335.1, 335.1), (335.2, 335.2)]","[1.5, 2.0]"
336,336,"[(336.1, 336.1), (336.2, 336.2)]","[1.5, 2.0]"
337,337,"[(337.1, 337.1), (337.2, 337.2)]","[1.5, 2.0]"
338,338,"[(338.1, 338.1), (338.2, 338.2)]","[1.5, 2.0]"
339,339,"[(339.1, 339.1), (339.2, 339.2)]","[1.5, 2.0]"
340,340,"[(340.1, 340.1), (340.2, 340.2)]","[1.5, 2.0]"
341,341,"[(341.1, 341.1), (341.2, 341.2)]","[1.5, 2.0]"
342,342,"[(342.1, 342.1), (342.2, 342.2)]","[1.5, 2.0]"
343,343,"[(343.1, 343.1), (343.2, 343.2)]","[1.5, 2.0]"
344,344,"[(344.1, 344.1), (344.2, 344.2)]","[1.5, 2.0]"
345,345,"[(345.1, 345.1), (345.2, 345.2)]","[1.5, 2.0]"
346,346,"[(346.1, 346.1), (346.2, 346.2)]","[1.5, 2.0]"
347,347,"[(347.1, 347.1), (347.2, 347.2)]","[1.5, 2.0]"
348,348,"[(348.1, 348.1), (348.2, 348.2)]","[1.5, 2.0]"
349,349,"[(349.1, 349.1), (349.2, 349.2)]","[1.5, 2.0]"
350,350,"[(350.1, 350.1), (350.2, 350.2)]","[1.5, 2.0]"
351,351,"[(351.1, 351.1), (351.2, 351.2)]","[1.5, 2.0]"
352,352,"[(352.1, 352.1), (352.2, 352.2)]","[1.5, 2.0]"
353,353,"[(353.1, 353.1), (353.2, 353.2)]","[1.5, 2.0]"
354,354,"[(354.1, 354.1), (354.2, 354.2)]","[1.5, 2.0]"
355,355,"[(355.1, 355.1), (355.2, 355.2)]","[1.5, 2.0]"
356,356,"[(356.1, 356.1), (356.2, 356.2)]","[1.5, 2.0]"
357,357,"[(357.1, 357.1), (357.2, 357.2)]","[1.5, 2.0]"
358,358,"[(358.1, 358.1), (358.2, 358.2)]","[1.5, 2.0]"
359,359,"[(359.1, 359.1), (359.2, 359.2)]","[1.5, 2.0]"
360,360,"[(360.1, 360.1), (360.2, 360.2)]","[1.5, 2.0]"
361,361,"[(361.1, 361.1), (361.2, 361.2)]","[1.5, 2.0]"
362,362,"[(362.1, 362.1), (362.2, 362.2)]","[1.5, 2.0]"
363,363,"[(363.1, 363.1), (363.2, 363.2)]","[1.5, 2.0]"
364,364,"[(364.1, 364.1), (364.2, 364.2)]","[1.5, 2.0]"
365,365,"[(365.1, 365.1), (365.2, 365.2)]","[1.5, 2.0]"
366,366,"[(366.1, 366.1), (366.2, 366.2)]","[1.5, 2.0]"
367,367,"[(367.1, 367.1), (367.2, 367.2)]","[1.5, 2.0]"
368,368,"[(368.1, 368.1), (368.2, 368.2)]","[1.5, 2.0]"
369,369,"[(369.1, 369.1), (369.2, 369.2)]","[1.5, 2.0]"
370,370,"[(370.1, 370.1), (370.2, 370.2)]","[1.5, 2.0]"
371,371,"[(371.1, 371.1), (371.2, 371.2)]","[1.5, 2.0]"
372,372,"[(372.1, 372.1), (372.2, 372.2)]","[1.5, 2.0]"
373,373,"[(373.1, 373.1), (373.2, 373.2)]","[1.5, 2.0]"
374,374,"[(374.1, 374.1), (374.2, 374.2)]","[1.5, 2.0]"
375,375,"[(375.1, 375.1), (375.2, 375.2)]","[1.5, 2.0]"
376,376,"[(376.1, 376.1), (376.2, 376.2)]","[1.5, 2.0]"
377,377,"[(377.1, 377.1), (377.2, 377.2)]","[1.5, 2.0]"
378,378,"[(378.1, 378.1), (378.2, 378.2)]","[1.5, 2.0]"
379,379,"[(379.1, 379.1), (379.2, 379.2)]","[1.5, 2.0]"
380,380,"[(380.1, 380.1), (380.2, 380.2)]","[1.5, 2.0]"
381,381,"[(381.1, 381.1), (381.2, 381.2)]","[1.5, 2.0]"
382,382,"[(382.1, 382.1), (382.2, 382.2)]","[1.5, 2.0]"
383,383,"[(383.1, 383.1), (383.2, 383.2)]","[1.5, 2.0]"
384,384,"[(384.1, 384.1), (384.2, 384.2)]","[1.5, 2.0]"
385,385,"[(385.1, 385.1), (385.2, 385.2)]","[1.5, 2.0]"
386,386,"[(386.1, 386.1), (386.2, 386.2)]","[1.5, 2.0]"
387,387,"[(387.1, 387.1), (387.2, 387.2)]","[1.5, 2.0]"
388,388,"[(388.1, 388.1), (388.2, 388.2)]","[1.5, 2.0]"
389,389,"[(389.1, 389.1), (389.2, 389.2)]","[1.5, 2.0]"
390,390,"[(390.1, 390.1), (390.2, 390.2)]","[1.5, 2.0]"
391,391,"[(391.1, 391.1), (391.2, 391.2)]","[1.5, 2.0]"
392,392,"[(392.1, 392.1), (392.2, 392.2)]","[1.5, 2.0]"
393,393,"[(393.1, 393.1), (393.2, 393.2)]","[1.5, 2.0]"
394,394,"[(394.1, 394.1), (394.2, 394.2)]","[1.5, 2.0]"
395,395,"[(395.1, 395.1), (395.2, 395.2)]","[1.5, 2.0]"
396,396,"[(396.1, 396.1), (396.2, 396.2)]","[1.5, 2.0]"
397,397,"[(397.1, 397.1), (397.2, 397.2)]","[1.5, 2.0]"
398,398,"[(398.1, 398.1), (398.2, 398.2)]","[1.5, 2.0]"
399,399,"[(399.1, 399.1), (399.2, 399.2)]","[1.5, 2.0]"
400,400,"[(400.1, 400.1), (400.2, 400.2)]","[1.5, 2.0]"
401,401,"[(401.1, 401.1), (401.2, 401.2)]","[1.5, 2.0]"
402,402,"[(402.1, 402.1), (402.2, 402.2)]","[1.5, 2.0]"
403,403,"[(403.1, 403.1), (403.2, 403.2)]","[1.5, 2.0]"
404,404,"[(404.1, 404.1), (404.2, 404.2)]","[1.5, 2.0]"
405,405,"[(405.1, 405.1), (405.2, 405.2)]","[1.5, 2.0]"
406,406,"[(406.1, 406.1), (406.2, 406.2)]","[1.5, 2.0]"
407,407,"[(407.1, 407.1), (407.2, 407.2)]","[1.5, 2.0]"
408,408,"[(408.1, 408.1), (408.2, 408.2)]","[1.5, 2.0]"
409,409,"[(409.1, 409.1), (409.2, 409.2)]","[1.5, 2.0]"
410,410,"[(410.1, 410.1), (410.2, 410.2)]","[1.5, 2.0]"
411,411,"[(411.1, 411.1), (411.2, 411.2)]","[1.5, 2.0]"
412,412,"[(412.1, 412.1), (412.2, 412.2)]","[1.5, 2.0]"
413,413,"[(413.1, 413.1), (413.2, 413.2)]","[1.5, 2.0]"
414,414,"[(414.1, 414.1), (414.2, 414.2)]","[1.5, 2.0]"
415,415,"[(415.1, 415.1), (415.2, 415.2)]","[1.5, 2.0]"
416,416,"[(416.1, 416.1), (416.2, 416.2)]","[1.5, 2.0]"
417,417,"[(417.1, 417.1), (417.2, 417.2)]","[1.5, 2.0]"
418,418,"[(418.1, 418.1), (418.2, 418.2)]","[1.5, 2.0]"
419,419,"[(419.1, 419.1), (419.2, 419.2)]","[1.5, 2.0]"
420,420,"[(420.1, 420.1), (420.2, 420.2)]","[1.5, 2.0]"
421,421,"[(421.1, 421.1), (421.2, 421.2)]","[1.5, 2.0]"
422,422,"[(422.1, 422.1), (422.2, 422.2)]","[1.5, 2.0]"
423,423,"[(423.1, 423.1), (423.2, 423.2)]","[1.5, 2.0]"
424,424,"[(424.1, 424.1), (424.2, 424.2)]","[1.5, 2.0]"
425,425,"[(425.1, 425.1), (425.2, 425.2)]","[1.5, 2.0]"
426,426,"[(426.1, 426.1), (426.2, 426.2)]","[1.5, 2.0]"
427,427,"[(427.1, 427.1), (427.2, 427.2)]","[1.5, 2.0]"
428,428,"[(428.1, 428.1), (428.2, 428.2)]","[1.5, 2.0]"
429,429,"[(429.1, 429.1), (429.2, 429.2)]","[1.5, 2.0]"
430,430,"[(430.1, 430.1), (430.2, 430.2)]","[1.5, 2.0]"
431,431,"[(431.1, 431.1), (431.2, 431.2)]","[1.5, 2.0]"
432,432,"[(432.1, 432.1), (432.2, 432.2)]","[1.5, 2.0]"
433,433,"[(433.1, 433.1), (433.2, 433.2)]","[1.5, 2.0]"
434,434,"[(434.1, 434.1), (434.2, 434.2)]","[1.5, 2.0]"
435,435,"[(435.1, 435.1), (435.2, 435.2)]","[1.5, 2.0]"
436,436,"[(436.1, 436.1), (436.2, 436.2)]","[1.5, 2.0]"
437,437,"[(437.1, 437.1), (437.2, 437.2)]","[1.5, 2.0]"
438,438,"[(438.1, 438.1), (438.2, 438.2)]","[1.5, 2.0]"
439,439,"[(439.1, 439.1), (439.2, 439.2)]","[1.5, 2.0]"
440,440,"[(440.1, 440.1), (440.2, 440.2)]","[1.5, 2.0]"
441,441,"[(441.1, 441.1), (441.2, 441.2)]","[1.5, 2.0]"
442,442,"[(442.1, 442.1), (442.2, 442.2)]","[1.5, 2.0]"
443,443,"[(443.1, 443.1), (443.2, 443.2)]","[1.5, 2.0]"
444,444,"[(444.1, 444.1), (444.2, 444.2)]","[1.5, 2.0]"
445,445,"[(445.1, 445.1), (445.2, 445.2)]","[1.5, 2.0]"
446,446,"[(446.1, 446.1), (446.2, 446.2)]","[1.5, 2.0]"
447,447,"[(447.1, 447.1), (447.2, 447.2)]","[1.5, 2.0]"
448,448,"[(448.1, 448.1), (448.2, 448.2)]","[1.5, 2.0]"
449,449,"[(449.1, 449.1), (449.2, 449.2)]","[1.5, 2.0]"
450,450,"[(450.1, 450.1), (450.2, 450.2)]","[1.5, 2.0]"
451,451,"[(451.1, 451.1), (451.2, 451.2)]","[1.5, 2.0]"
452,452,"[(452.1, 452.1), (452.2, 452.2)]","[1.5, 2.0]"
453,453,"[(453.1, 453.1), (453.2, 453.2)]","[1.5, 2.0]"
454,454,"[(454.1, 454.1), (454.2, 454.2)]","[1.5, 2.0]"
455,455,"[(455.1, 455.1), (455.2, 455.2)]","[1.5, 2.0]"
456,456,"[(456.1, 456.1), (456.2, 456.2)]","[1.5, 2.0]"
457,457,"[(457.1, 457.1), (457.2, 457.2)]","[1.5, 2.0]"
458,458,"[(458.1, 458.1), (458.2, 458.2)]","[1.5, 2.0]"
459,459,"[(459.1, 459.1), (459.2, 459.2)]","[1.5, 2.0]"
460,460,"[(460.1, 460.1), (460.2, 460.2)]","[1.5, 2.0]"
461,461,"[(461.1, 461.1), (461.2, 461.2)]","[1.5, 2.0]"
462,462,"[(462.1, 462.1), (462.2, 462.2)]","[1.5, 2.0]"
463,463,"[(463.1, 463.1), (463.2, 463.2)]","[1.5, 2.0]"
464,464,"[(464.1, 464.1), (464.2, 464.2)]","[1.5, 2.0]"
465,465,"[(465.1, 465.1), (465.2, 465.2)]","[1.5, 2.0]"
466,466,"[(466.1, 466.1), (466.2, 466.2)]","[1.5, 2.0]"
467,467,"[(467.1, 467.1), (467.2, 467.2)]","[1.5, 2.0]"
468,468,"[(468.1, 468.1), (468.2, 468.2)]","[1.5, 2.0]"
469,469,"[(469.1, 469.1), (469.2, 469.2)]","[1.5, 2.0]"
470,470,"[(470.1, 470.1), (470.2, 470.2)]","[1.5, 2.0]"
471,471,"[(471.1, 471.1), (471.2, 471.2)]","[1.5, 2.0]"
472,472,"[(472.1, 472.1), (472.2, 472.2)]","[1.5, 2.0]"
473,473,"[(473.1, 473.1), (473.2, 473.2)]","[1.5, 2.0]"
474,474,"[(474.1, 474.1), (474.2, 474.2)]","[1.5, 2.0]"
475,475,"[(475.1, 475.1), (475.2, 475.2)]","[1.5, 2.0]"
476,476,"[(476.1, 476.1), (476.2, 476.2)]","[1.5, 2.0]"
477,477,"[(477.1, 477.1), (477.2, 477.2)]","[1.5, 2.0]"
478,478,"[(478.1, 478.1), (478.2, 478.2)]","[1.5, 2.0]"
479,479,"[(479.1, 479.1), (479.2, 479.2)]","[1.5, 2.0]"
480,480,"[(480.1, 480.1), (480.2, 480.2)]","[1.5, 2.0]"
481,481,"[(481.1, 481.1), (481.2, 481.2)]","[1.5, 2.0]"
482,482,"[(482.1, 482.1), (482.2, 482.2)]","[1.5, 2.0]"
483,483,"[(483.1, 483.1), (483.2, 483.2)]","[1.5, 2.0]"
484,484,"[(484.1, 484.1), (484.2, 484.2)]","[1.5, 2.0]"
485,485,"[(485.1, 485.1), (485.2, 485.2)]","[1.5, 2.0]"
486,486,"[(486.1, 486.1), (486.2, 486.2)]","[1.5, 2.0]"
487,487,"[(487.1, 487.1), (487.2, 487.2)]","[1.5, 2.0]"
488,488,"[(488.1, 488.1), (488.2, 488.2)]","[1.5, 2.0]"
489,489,"[(489.1, 489.1), (489.2, 489.2)]","[1.5, 2.0]"
490,490,"[(490.1, 490.1), (490.2, 490.2)]","[1.5, 2.0]"
491,491,"[(491.1, 491.1), (491.2, 491.2)]","[1.5, 2.0]"
492,492,"[(492.1, 492.1), (492.2, 492.2)]","[1.5, 2.0]"
493,493,"[(493.1, 493.1), (493.2, 493.2)]","[1.5, 2.0]"
494,494,"[(494.1, 494.1), (494.2, 494.2)]","[1.5, 2.0]"
495,495,"[(495.1, 495.1), (495.2, 495.2)]","[1.5, 2.0]"
496,496,"[(496.1, 496.1), (496.2, 496.2)]","[1.5, 2.0]"
497,497,"[(497.1, 497.1), (497.2, 497.2)]","[1.5, 2.0]"
498,498,"[(498.1, 498.1), (498.2, 498.2)]","[1.5, 2.0]"
499,499,"[(499.1, 499.1), (499.2, 499.2)]","[1.5, 2.0]"
500,500,"[(500.1, 500.1), (500.2, 500.2)]","[1.5, 2.0]"
501,501,"[(501.1, 501.1), (501.2, 501.2)]","[1.5, 2.0]"
502,502,"[(502.1, 502.1), (502.2, 502.2)]","[1.5, 2.0]"
503,503,"[(503.1, 503.1), (503.2, 503.2)]","[1.5, 2.0]"
504,504,"[(504.1, 504.1), (504.2, 504.2)]","[1.5, 2.0]"
505,505,"[(505.1, 505.1), (505.2, 505.2)]","[1.5, 2.0]"
506,506,"[(506.1, 506.1), (506.2, 506.2)]","[1.5, 2.0]"
507,507,"[(507.1, 507.1), (507.2, 507.2)]","[1.5, 2.0]"
508,508,"[(508.1, 508.1), (508.2, 508.2)]","[1.5, 2.0]"
509,509,"[(509.1, 509.1), (509.2, 509.2)]","[1.5, 2.0]"
510,510,"[(510.1, 510.1), (510.2, 510.2)]","[1.5, 2.0]"
511,511,"[(511.1, 511.1), (511.2, 511.2)]","[1.5, 2.0]"
512,512,"[(512.1, 512.1), (512.2, 512.2)]","[1.5, 2.0]"
513,513,"[(513.1, 513.1), (513.2, 513.2)]","[1.5, 2.0]"
514,514,"[(514.1, 514.1), (514.2, 514.2)]","[1.5, 2.0]"
515,515,"[(515.1, 515.1), (515.2, 515.2)]","[1.5, 2.0]"
516,516,"[(516.1, 516.1), (516.2, 516.2)]","[1.5, 2.0]"
517,517,"[(517.1, 517.1), (517.2, 517.2)]","[1.5, 2.0]"
518,518,"[(518.1, 518.1), (518.2, 518.2)]","[1.5, 2.0]"
519,519,"[(519.1, 519.1), (519.2, 519.2)]","[1.5, 2.0]"
520,520,"[(520.1, 520.1), (520.2, 520.2)]","[1.5, 2.0]"
521,521,"[(521.1, 521.1), (521.2, 521.2)]","[1.5, 2.0]"
522,522,"[(522.1, 522.1), (522.2, 522.2)]","[1.5, 2.0]"
523,523,"[(523.1, 523.1), (523.2, 523.2)]","[1.5, 2.0]"
524,524,"[(524.1, 524.1), (524.2, 524.2)]","[1.5, 2.0]"
525,525,"[(525.1, 525.1), (525.2, 525.2)]","[1.5, 2.0]"
526,526,"[(526.1, 526.1), (526.2, 526.2)]","[1.5, 2.0]"
527,527,"[(527.1, 527.1), (527.2, 527.2)]","[1.5, 2.0]"
528,528,"[(528.1, 528.1), (528.2, 528.2)]","[1.5, 2.0]"
529,529,"[(529.1, 529.1), (529.2, 529.2)]","[1.5, 2.0]"
530,530,"[(530.1, 530.1), (530.2, 530.2)]","[1.5, 2.0]"
531,531,"[(531.1, 531.1), (531.2, 531.2)]","[1.5, 2.0]"
532,532,"[(532.1, 532.1), (532.2, 532.2)]","[1.5, 2.0]"
533,533,"[(533.1, 533.1), (533.2, 533.2)]","[1.5, 2.0]"
534,534,"[(534.1, 534.1), (534.2, 534.2)]","[1.5, 2.0]"
535,535,"[(535.1, 535.1), (535.2, 535.2)]","[1.5, 2.0]"
536,536,"[(536.1, 536.1), (536.2, 536.2)]","[1.5, 2.0]"
537,537,"[(537.1, 537.1), (537.2, 537.2)]","[1.5, 2.0]"
538,538,"[(538.1, 538.1), (538.2, 538.2)]","[1.5, 2.0]"
539,539,"[(539.1, 539.1), (539.2, 539.2)]","[1.5, 2.0]"
540,540,"[(540.1, 540.1), (540.2, 540.2)]","[1.5, 2.0]"
541,541,"[(541.1, 541.1), (541.2, 541.2)]","[1.5, 2.0]"
542,542,"[(542.1, 542.1), (542.2, 542.2)]","[1.5, 2.0]"
543,543,"[(543.1, 543.1), (543.2, 543.2)]","[1.5, 2.0]"
544,544,"[(544.1, 544.1), (544.2, 544.2)]","[1.5, 2.0]"
545,545,"[(545.1, 545.1), (545.2, 545.2)]","[1.5, 2.0]"
546,546,"[(546.1, 546.1), (546.2, 546.2)]","[1.5, 2.0]"
547,547,"[(547.1, 547.1), (547.2, 547.2)]","[1.5, 2.0]"
548,548,"[(548.1, 548.1), (548.2, 548.2)]","[1.5, 2.0]"
549,549,"[(549.1, 549.1), (549.2, 549.2)]","[1.5, 2.0]"
550,550,"[(550.1, 550.1), (550.2, 550.2)]","[1.5, 2.0]"
551,551,"[(551.1, 551.1), (551.2, 551.2)]","[1.5, 2.0]"
552,552,"[(552.1, 552.1), (552.2, 552.2)]","[1.5, 2.0]"
553,553,"[(553.1, 553.1), (553.2, 553.2)]","[1.5, 2.0]"
554,554,"[(554.1, 554.1), (554.2, 554.2)]","[1.5, 2.0]"
555,555,"[(555.1, 555.1), (555.2, 555.2)]","[1.5, 2.0]"
556,556,"[(556.1, 556.1), (556.2, 556.2)]","[1.5, 2.0]"
557,557,"[(557.1, 557.1), (557.2, 557.2)]","[1.5, 2.0]"
558,558,"[(558.1, 558.1), (558.2, 558.2)]","[1.5, 2.0]"
559,559,"[(559.1, 559.1), (559.2, 559.2)]","[1.5, 2.0]"
560,560,"[(560.1, 560.1), (560.2, 560.2)]","[1.5, 2.0]"
561,561,"[(561.1, 561.1), (561.2, 561.2)]","[1.5, 2.0]"
562,562,"[(562.1, 562.1), (562.2, 562.2)]","[1.5, 2.0]"
563,563,"[(563.1, 563.1), (563.2, 563.2)]","[1.5, 2.0]"
564,564,"[(564.1, 564.1), (564.2, 564.2)]","[1.5, 2.0]"
565,565,"[(565.1, 565.1), (565.2, 565.2)]","[1.5, 2.0]"
566,566,"[(566.1, 566.1), (566.2, 566.2)]","[1.5, 2.0]"
567,567,"[(567.1, 567.1), (567.2, 567.2)]","[1.5, 2.0]"
568,568,"[(568.1, 568.1), (568.2, 568.2)]","[1.5, 2.0]"
569,569,"[(569.1, 569.1), (569.2, 569.2)]","[1.5, 2.0]"
570,570,"[(570.1, 570.1), (570.2, 570.2)]","[1.5, 2.0]"
571,571,"[(571.1, 571.1), (571.2, 571.2)]","[1.5, 2.0]"
572,572,"[(572.1, 572.1), (572.2, 572.2)]","[1.5, 2.0]"
573,573,"[(573.1, 573.1), (573.2, 573.2)]","[1.5, 2.0]"
574,574,"[(574.1, 574.1), (574.2, 574.2)]","[1.5, 2.0]"
575,575,"[(575.1, 575.1), (575.2, 575.2)]","[1.5, 2.0]"
576,576,"[(576.1, 576.1), (576.2, 576.2)]","[1.5, 2.0]"
577,577,"[(577.1, 577.1), (577.2, 577.2)]","[1.5, 2.0]"
578,578,"[(578.1, 578.1), (578.2, 578.2)]","[1.5, 2.0]"
579,579,"[(579.1, 579.1), (579.2, 579.2)]","[1.5, 2.0]"
580,580,"[(580.1, 580.1), (580.2, 580.2)]","[1.5, 2.0]"
581,581,"[(581.1, 581.1), (581.2, 581.2)]","[1.5, 2.0]"
582,582,"[(582.1, 582.1), (582.2, 582.2)]","[1.5, 2.0]"
583,583,"[(583.1, 583.1), (583.2, 583.2)]","[1.5, 2.0]"
584,584,"[(584.1, 584.1), (584.2, 584.2)]","[1.5, 2.0]"
585,585,"[(585.1, 585.1), (585.2, 585.2)]","[1.5, 2.0]"
586,586,"[(586.1, 586.1), (586.2, 586.2)]","[1.5, 2.0]"
587,587,"[(587.1, 587.1), (587.2, 587.2)]","[1.5, 2.0]"
588,588,"[(588.1, 588.1), (588.2, 588.2)]","[1.5, 2.0]"
589,589,"[(589.1, 589.1), (589.2, 589.2)]","[1.5, 2.0]"
590,590,"[(590.1, 590.1), (590.2, 590.2)]","[1.5, 2.0]"
591,591,"[(591.1, 591.1), (591.2, 591.2)]","[1.5, 2.0]"
592,592,"[(592.1, 592.1), (592.2, 592.2)]","[1.5, 2.0]"
593,593,"[(593.1, 593.1), (593.2, 593.2)]","[1.5, 2.0]"
594,594,"[(594.1, 594.1), (594.2, 594.2)]","[1.5, 2.0]"
595,595,"[(595.1, 595.1), (595.2, 595.2)]","[1.5, 2.0]"
596,596,"[(596.1, 596.1), (596.2, 596.2)]","[1.5, 2.0]"
597,597,"[(597.1, 597.1), (597.2, 597.2)]","[1.5, 2.0]"
598,598,"[(598.1, 598.1), (598.2, 598.2)]","[1.5, 2.0]"
599,599,"[(599.1, 599.1), (599.2, 599.2)]","[1.5, 2.0]"
600,600,"[(600.1, 600.1), (600.2, 600.2)]","[1.5, 2.0]"
601,601,"[(601.1, 601.1), (601.2, 601.2)]","[1.5, 2.0]"
602,602,"[(602.1, 602.1), (602.2, 602.2)]","[1.5, 2.0]"
603,603,"[(603.1, 603.1), (603.2, 603.2)]","[1.5, 2.0]"
604,604,"[(604.1, 604.1), (604.2, 604.2)]","[1.5, 2.0]"
605,605,"[(605.1, 605.1), (605.2, 605.2)]","[1.5, 2.0]"
606,606,"[(606.1, 606.1), (606.2, 606.2)]","[1.5, 2.0]"
607,607,"[(607.1, 607.1), (607.2, 607.2)]","[1.5, 2.0]"
608,608,"[(608.1, 608.1), (608.2, 608.2)]","[1.5, 2.0]"
609,609,"[(609.1, 609.1), (609.2, 609.2)]","[1.5, 2.0]"
610,610,"[(610.1, 610.1), (610.2, 610.2)]","[1.5, 2.0]"
611,611,"[(611.1, 611.1), (611.2, 611.2)]","[1.5, 2.0]"
612,612,"[(612.1, 612.1), (612.2, 612.2)]","[1.5, 2.0]"
613,613,"[(613.1, 613.1), (613.2, 613.2)]","[1.5, 2.0]"
614,614,"[(614.1, 614.1), (614.2, 614.2)]","[1.5, 2.0]"
615,615,"[(615.1, 615.1), (615.2, 615.2)]","[1.5, 2.0]"
616,616,"[(616.1, 616.1), (616.2, 616.2)]","[1.5, 2.0]"
617,617,"[(617.1, 617.1), (617.2, 617.2)]","[1.5, 2.0]"
618,618,"[(618.1, 618.1), (618.2, 618.2)]","[1.5, 2.0]"
619,619,"[(619.1, 619.1), (619.2, 619.2)]","[1.5, 2.0]"
620,620,"[(620.1, 620.1), (620.2, 620.2)]","[1.5, 2.0]"
621,621,"[(621.1, 621.1), (621.2, 621.2)]","[1.5, 2.0]"
622,622,"[(622.1, 622.1), (622.2, 622.2)]","[1.5, 2.0]"
623,623,"[(623.1, 623.1), (623.2, 623.2)]","[1.5, 2.0]"
624,624,"[(624.1, 624.1), (624.2, 624.2)]","[1.5, 2.0]"
625,625,"[(625.1, 625.1), (625.2, 625.2)]","[1.5, 2.0]"
626,626,"[(626.1, 626.1), (626.2, 626.2)]","[1.5, 2.0]"
627,627,"[(627.1, 627.1), (627.2, 627.2)]","[1.5, 2.0]"
628,628,"[(628.1, 628.1), (628.2, 628.2)]","[1.5, 2.0]"
629,629,"[(629.1, 629.1), (629.2, 629.2)]","[1.5, 2.0]"
630,630,"[(630.1, 630.1), (630.2, 630.2)]","[1.5, 2.0]"
631,631,"[(631.1, 631.1), (631.2, 631.2)]","[1.5, 2.0]"
632,632,"[(632.1, 632.1), (632.2, 632.2)]","[1.5, 2.0]"
633,633,"[(633.1, 633.1), (633.2, 633.2)]","[1.5, 2.0]"
634,634,"[(634.1, 634.1), (634.2, 634.2)]","[1.5, 2.0]"
635,635,"[(635.1, 635.1), (635.2, 635.2)]","[1.5, 2.0]"
636,636,"[(636.1, 636.1), (636.2, 636.2)]","[1.5, 2.0]"
637,637,"[(637.1, 637.1), (637.2, 637.2)]","[1.5, 2.0]"
638,638,"[(638.1, 638.1), (638.2, 638.2)]","[1.5, 2.0]"
639,639,"[(639.1, 639.1), (639.2, 639.2)]","[1.5, 2.0]"
640,640,"[(640.1, 640.1), (640.2, 640.2)]","[1.5, 2.0]"
641,641,"[(641.1, 641.1), (641.2, 641.2)]","[1.5, 2.0]"
642,642,"[(642.1, 642.1), (642.2, 642.2)]","[1.5, 2.0]"
643,643,"[(643.1, 643.1), (643.2, 643.2)]","[1.5, 2.0]"
644,644,"[(644.1, 644.1), (644.2, 644.2)]","[1.5, 2.0]"
645,645,"[(645.1, 645.1), (645.2, 645.2)]","[1.5, 2.0]"
646,646,"[(646.1, 646.1), (646.2, 646.2)]","[1.5, 2.0]"
647,647,"[(647.1, 647.1), (647.2, 647.2)]","[1.5, 2.0]"
648,648,"[(648.1, 648.1), (648.2, 648.2)]","[1.5, 2.0]"
649,649,"[(649.1, 649.1), (649.2, 649.2)]","[1.5, 2.0]"
650,650,"[(650.1, 650.1), (650.2, 650.2)]","[1.5, 2.0]"
651,651,"[(651.1, 651.1), (651.2, 651.2)]","[1.5, 2.0]"
652,652,"[(652.1, 652.1), (652.2, 652.2)]","[1.5, 2.0]"
653,653,"[(653.1, 653.1), (653.2, 653.2)]","[1.5, 2.0]"
654,654,"[(654.1, 654.1), (654.2, 654.2)]","[1.5, 2.0]"
655,655,"[(655.1, 655.1), (655.2, 655.2)]","[1.5, 2.0]"
656,656,"[(656.1, 656.1), (656.2, 656.2)]","[1.5, 2.0]"
657,657,"[(657.1, 657.1), (657.2, 657.2)]","[1.5, 2.0]"
658,658,"[(658.1, 658.1), (658.2, 658.2)]","[1.5, 2.0]"
659,659,"[(659.1, 659.1), (659.2, 659.2)]","[1.5, 2.0]"
660,660,"[(660.1, 660.1), (660.2, 660.2)]","[1.5, 2.0]"
661,661,"[(661.1, 661.1), (661.2, 661.2)]","[1.5, 2.0]"
662,662,"[(662.1, 662.1), (662.2, 662.2)]","[1.5, 2.0]"
663,663,"[(663.1, 663.1), (663.2, 663.2)]","[1.5, 2.0]"
664,664,"[(664.1, 664.1), (664.2, 664.2)]","[1.5, 2.0]"
665,665,"[(665.1, 665.1), (665.2, 665.2)]","[1.5, 2.0]"
666,666,"[(666.1, 666.1), (666.2, 666.2)]","[1.5, 2.0]"
667,667,"[(667.1, 667.1), (667.2, 667.2)]","[1.5, 2.0]"
668,668,"[(668.1, 668.1), (668.2, 668.2)]","[1.5, 2.0]"
669,669,"[(669.1, 669.1), (669.2, 669.2)]","[1.5, 2.0]"
670,670,"[(670.1, 670.1), (670.2, 670.2)]","[1.5, 2.0]"
671,671,"[(671.1, 671.1), (671.2, 671.2)]","[1.5, 2.0]"
672,672,"[(672.1, 672.1), (672.2, 672.2)]","[1.5, 2.0]"
673,673,"[(673.1, 673.1), (673.2, 673.2)]","[1.5, 2.0]"
674,674,"[(674.1, 674.1), (674.2, 674.2)]","[1.5, 2.0]"
675,675,"[(675.1, 675.1), (675.2, 675.2)]","[1.5, 2.0]"
676,676,"[(676.1, 676.1), (676.2, 676.2)]","[1.5, 2.0]"
677,677,"[(677.1, 677.1), (677.2, 677.2)]","[1.5, 2.0]"
678,678,"[(678.1, 678.1), (678.2, 678.2)]","[1.5, 2.0]"
679,679,"[(679.1, 679.1), (679.2, 679.2)]","[1.5, 2.0]"
680,680,"[(680.1, 680.1), (680.2, 680.2)]","[1.5, 2.0]"
681,681,"[(681.1, 681.1), (681.2, 681.2)]","[1.5, 2.0]"
682,682,"[(682.1, 682.1), (682.2, 682.2)]","[1.5, 2.0]"
683,683,"[(683.1, 683.1), (683.2, 683.2)]","[1.5, 2.0]"
684,684,"[(684.1, 684.1), (684.2, 684.2)]","[1.5, 2.0]"
685,685,"[(685.1, 685.1), (685.2, 685.2)]","[1.5, 2.0]"
686,686,"[(686.1, 686.1), (686.2, 686.2)]","[1.5, 2.0]"
687,687,"[(687.1, 687.1), (687.2, 687.2)]","[1.5, 2.0]"
688,688,"[(688.1, 688.1), (688.2, 688.2)]","[1.5, 2.0]"
689,689,"[(689.1, 689.1), (689.2, 689.2)]","[1.5, 2.0]"
690,690,"[(690.1, 690.1), (690.2, 690.2)]","[1.5, 2.0]"
691,691,"[(691.1, 691.1), (691.2, 691.2)]","[1.5, 2.0]"
692,692,"[(692.1, 692.1), (692.2, 692.2)]","[1.5, 2.0]"
693,693,"[(693.1, 693.1), (693.2, 693.2)]","[1.5, 2.0]"
694,694,"[(694.1, 694.1), (694.2, 694.2)]","[1.5, 2.0]"
695,695,"[(695.1, 695.1), (695.2, 695.2)]","[1.5, 2.0]"
696,696,"[(696.1, 696.1), (696.2, 696.2)]","[1.5, 2.0]"
697,697,"[(697.1, 697.1), (697.2, 697.2)]","[1.5, 2.0]"
698,698,"[(698.1, 698.1), (698.2, 698.2)]","[1.5, 2.0]"
699,699,"[(699.1, 699.1), (699.2, 699.2)]","[1.5, 2.0]"
700,700,"[(700.1, 700.1), (700.2, 700.2)]","[1.5, 2.0]"
701,701,"[(701.1, 701.1), (701.2, 701.2)]","[1.5, 2.0]"
702,702,"[(702.1, 702.1), (702.2, 702.2)]","[1.5, 2.0]"
703,703,"[(703.1, 703.1), (703.2, 703.2)]","[1.5, 2.0]"
704,704,"[(704.1, 704.1), (704.2, 704.2)]","[1.5, 2.0]"
705,705,"[(705.1, 705.1), (705.2, 705.2)]","[1.5, 2.0]"
706,706,"[(706.1, 706.1), (706.2, 706.2)]","[1.5, 2.0]"
707,707,"[(707.1, 707.1), (707.2, 707.2)]","[1.5, 2.0]"
708,708,"[(708.1, 708.1), (708.2, 708.2)]","[1.5, 2.0]"
709,709,"[(709.1, 709.1), (709.2, 709.2)]","[1.5, 2.0]"
710,710,"[(710.1, 710.1), (710.2, 710.2)]","[1.5, 2.0]"
711,711,"[(711.1, 711.1), (711.2, 711.2)]","[1.5, 2.0]"
712,712,"[(712.1, 712.1), (712.2, 712.2)]","[1.5, 2.0]"
713,713,"[(713.1, 713.1), (713.2, 713.2)]","[1.5, 2.0]"
714,714,"[(714.1, 714.1), (714.2, 714.2)]","[1.5, 2.0]"
715,715,"[(715.1, 715.1), (715.2, 715.2)]","[1.5, 2.0]"
716,716,"[(716.1, 716.1), (716.2, 716.2)]","[1.5, 2.0]"
717,717,"[(717.1, 717.1), (717.2, 717.2)]","[1.5, 2.0]"
718,718,"[(718.1, 718.1), (718.2, 718.2)]","[1.5, 2.0]"
719,719,"[(719.1, 719.1), (719.2, 719.2)]","[1.5, 2.0]"
720,720,"[(720.1, 720.1), (720.2, 720.2)]","[1.5, 2.0]"
721,721,"[(721.1, 721.1), (721.2, 721.2)]","[1.5, 2.0]"
722,722,"[(722.1, 722.1), (722.2, 722.2)]","[1.5, 2.0]"
723,723,"[(723.1, 723.1), (723.2, 723.2)]","[1.5, 2.0]"
724,724,"[(724.1, 724.1), (724.2, 724.2)]","[1.5, 2.0]"
725,725,"[(725.1, 725.1), (725.2, 725.2)]","[1.5, 2.0]"
726,726,"[(726.1, 726.1), (726.2, 726.2)]","[1.5, 2.0]"
727,727,"[(727.1, 727.1), (727.2, 727.2)]","[1.5, 2.0]"
728,728,"[(728.1, 728.1), (728.2, 728.2)]","[1.5, 2.0]"
729,729,"[(729.1, 729.1), (729.2, 729.2)]","[1.5, 2.0]"
730,730,"[(730.1, 730.1), (730.2, 730.2)]","[1.5, 2.0]"
731,731,"[(731.1, 731.1), (731.2, 731.2)]","[1.5, 2.0]"
732,732,"[(732.1, 732.1), (732.2, 732.2)]","[1.5, 2.0]"
733,733,"[(733.1, 733.1), (733.2, 733.2)]","[1.5, 2.0]"
734,734,"[(734.1, 734.1), (734.2, 734.2)]","[1.5, 2.0]"
735,735,"[(735.1, 735.1), (735.2, 735.2)]","[1.5, 2.0]"
736,736,"[(736.1, 736.1), (736.2, 736.2)]","[1.5, 2.0]"
737,737,"[(737.1, 737.1), (737.2, 737.2)]","[1.5, 2.0]"
738,738,"[(738.1, 738.1), (738.2, 738.2)]","[1.5, 2.0]"
739,739,"[(739.1, 739.1), (739.2, 739.2)]","[1.5, 2.0]"
740,740,"[(740.1, 740.1), (740.2, 740.2)]","[1.5, 2.0]"
741,741,"[(741.1, 741.1), (741.2, 741.2)]","[1.5, 2.0]"
742,742,"[(742.1, 742.1), (742.2, 742.2)]","[1.5, 2.0]"
743,743,"[(743.1, 743.1), (743.2, 743.2)]","[1.5, 2.0]"
744,744,"[(744.1, 744.1), (744.2, 744.2)]","[1.5, 2.0]"
745,745,"[(745.1, 745.1), (745.2, 745.2)]","[1.5, 2.0]"
746,746,"[(746.1, 746.1), (746.2, 746.2)]","[1.5, 2.0]"
747,747,"[(747.1, 747.1), (747.2, 747.2)]","[1.5, 2.0]"
748,748,"[(748.1, 748.1), (748.2, 748.2)]","[1.5, 2.0]"
749,749,"[(749.1, 749.1), (749.2, 749.2)]","[1.5, 2.0]"
750,750,"[(750.1, 750.1), (750.2, 750.2)]","[1.5, 2.0]"
751,751,"[(751.1, 751.1), (751.2, 751.2)]","[1.5, 2.0]"
752,752,"[(752.1, 752.1), (752.2, 752.2)]","[1.5, 2.0]"
753,753,"[(753.1, 753.1), (753.2, 753.2)]","[1.5, 2.0]"
754,754,"[(754.1, 754.1), (754.2, 754.2)]","[1.5, 2.0]"
755,755,"[(755.1, 755.1), (755.2, 755.2)]","[1.5, 2.0]"
756,756,"[(756.1, 756.1), (756.2, 756.2)]","[1.5, 2.0]"
757,757,"[(757.1, 757.1), (757.2, 757.2)]","[1.5, 2.0]"
758,758,"[(758.1, 758.1), (758.2, 758.2)]","[1.5, 2.0]"
759,759,"[(759.1, 759.1), (759.2, 759.2)]","[1.5, 2.0]"
760,760,"[(760.1, 760.1), (760.2, 760.2)]","[1.5, 2.0]"
761,761,"[(761.1, 761.1), (761.2, 761.2)]","[1.5, 2.0]"
762,762,"[(762.1, 762.1), (762.2, 762.2)]","[1.5, 2.0]"
763,763,"[(763.1, 763.1), (763.2, 763.2)]","[1.5, 2.0]"
764,764,"[(764.1, 764.1), (764.2, 764.2)]","[1.5, 2.0]"
765,765,"[(765.1, 765.1), (765.2, 765.2)]","[1.5, 2.0]"
766,766,"[(766.1, 766.1), (766.2, 766.2)]","[1.5, 2.0]"
767,767,"[(767.1, 767.1), (767.2, 767.2)]","[1.5, 2.0]"
768,768,"[(768.1, 768.1), (768.2, 768.2)]","[1.5, 2.0]"
769,769,"[(769.1, 769.1), (769.2, 769.2)]","[1.5, 2.0]"
770,770,"[(770.1, 770.1), (770.2, 770.2)]","[1.5, 2.0]"
771,771,"[(771.1, 771.1), (771.2, 771.2)]","[1.5, 2.0]"
772,772,"[(772.1, 772.1), (772.2, 772.2)]","[1.5, 2.0]"
773,773,"[(773.1, 773.1), (773.2, 773.2)]","[1.5, 2.0]"
774,774,"[(774.1, 774.1), (774.2, 774.2)]","[1.5, 2.0]"
775,775,"[(775.1, 775.1), (775.2, 775.2)]","[1.5, 2.0]"
776,776,"[(776.1, 776.1), (776.2, 776.2)]","[1.5, 2.0]"
777,777,"[(777.1, 777.1), (777.2, 777.2)]","[1.5, 2.0]"
778,778,"[(778.1, 778.1), (778.2, 778.2)]","[1.5, 2.0]"
779,779,"[(779.1, 779.1), (779.2, 779.2)]","[1.5, 2.0]"
780,780,"[(780.1, 780.1), (780.2, 780.2)]","[1.5, 2.0]"
781,781,"[(781.1, 781.1), (781.2, 781.2)]","[1.5, 2.0]"
782,782,"[(782.1, 782.1), (782.2, 782.2)]","[1.5, 2.0]"
783,783,"[(783.1, 783.1), (783.2, 783.2)]","[1.5, 2.0]"
784,784,"[(784.1, 784.1), (784.2, 784.2)]","[1.5, 2.0]"
785,785,"[(785.1, 785.1), (785.2, 785.2)]","[1.5, 2.0]"
786,786,"[(786.1, 786.1), (786.2, 786.2)]","[1.5, 2.0]"
787,787,"[(787.1, 787.1), (787.2, 787.2)]","[1.5, 2.0]"
788,788,"[(788.1, 788.1), (788.2, 788.2)]","[1.5, 2.0]"
789,789,"[(789.1, 789.1), (789.2, 789.2)]","[1.5, 2.0]"
790,790,"[(790.1, 790.1), (790.2, 790.2)]","[1.5, 2.0]"
791,791,"[(791.1, 791.1), (791.2, 791.2)]","[1.5, 2.0]"
792,792,"[(792.1, 792.1), (792.2, 792.2)]","[1.5, 2.0]"
793,793,"[(793.1, 793.1), (793.2, 793.2)]","[1.5, 2.0]"
794,794,"[(794.1, 794.1), (794.2, 794.2)]","[1.5, 2.0]"
795,795,"[(795.1, 795.1), (795.2, 795.2)]","[1.5, 2.0]"
796,796,"[(796.1, 796.1), (796.2, 796.2)]","[1.5, 2.0]"
797,797,"[(797.1, 797.1), (797.2, 797.2)]","[1.5, 2.0]"
798,798,"[(798.1, 798.1), (798.2, 798.2)]","[1.5, 2.0]"
799,799,"[(799.1, 799.1), (799.2, 799.2)]","[1.5, 2.0]"
800,800,"[(800.1, 800.1), (800.2, 800.2)]","[1.5, 2.0]"
801,801,"[(801.1, 801.1), (801.2, 801.2)]","[1.5, 2.0]"
802,802,"[(802.1, 802.1), (802.2, 802.2)]","[1.5, 2.0]"
803,803,"[(803.1, 803.1), (803.2, 803.2)]","[1.5, 2.0]"
804,804,"[(804.1, 804.1), (804.2, 804.2)]","[1.5, 2.0]"
805,805,"[(805.1, 805.1), (805.2, 805.2)]","[1.5, 2.0]"
806,806,"[(806.1, 806.1), (806.2, 806.2)]","[1.5, 2.0]"
807,807,"[(807.1, 807.1), (807.2, 807.2)]","[1.5, 2.0]"
808,808,"[(808.1, 808.1), (808.2, 808.2)]","[1.5, 2.0]"
809,809,"[(809.1, 809.1), (809.2, 809.2)]","[1.5, 2.0]"
810,810,"[(810.1, 810.1), (810.2, 810.2)]","[1.5, 2.0]"
811,811,"[(811.1, 811.1), (811.2, 811.2)]","[1.5, 2.0]"
812,812,"[(812.1, 812.1), (812.2, 812.2)]","[1.5, 2.0]"
813,813,"[(813.1, 813.1), (813.2, 813.2)]","[1.5, 2.0]"
814,814,"[(814.1, 814.1), (814.2, 814.2)]","[1.5, 2.0]"
815,815,"[(815.1, 815.1), (815.2, 815.2)]","[1.5, 2.0]"
816,816,"[(816.1, 816.1), (816.2, 816.2)]","[1.5, 2.0]"
817,817,"[(817.1, 817.1), (817.2, 817.2)]","[1.5, 2.0]"
818,818,"[(818.1, 818.1), (818.2, 818.2)]","[1.5, 2.0]"
819,819,"[(819.1, 819.1), (819.2, 819.2)]","[1.5, 2.0]"
820,820,"[(820.1, 820.1), (820.2, 820.2)]","[1.5, 2.0]"
821,821,"[(821.1, 821.1), (821.2, 821.2)]","[1.5, 2.0]"
822,822,"[(822.1, 822.1), (822.2, 822.2)]","[1.5, 2.0]"
823,823,"[(823.1, 823.1), (823.2, 823.2)]","[1.5, 2.0]"
824,824,"[(824.1, 824.1), (824.2, 824.2)]","[1.5, 2.0]"
825,825,"[(825.1, 825.1), (825.2, 825.2)]","[1.5, 2.0]"
826,826,"[(826.1, 826.1), (826.2, 826.2)]","[1.5, 2.0]"
827,827,"[(827.1, 827.1), (827.2, 827.2)]","[1.5, 2.0]"
828,828,"[(828.1, 828.1), (828.2, 828.2)]","[1.5, 2.0]"
829,829,"[(829.1, 829.1), (829.2, 829.2)]","[1.5, 2.0]"
830,830,"[(830.1, 830.1), (830.2, 830.2)]","[1.5, 2.0]"
831,831,"[(831.1, 831.1), (831.2, 831.2)]","[1.5, 2.0]"
832,832,"[(832.1, 832.1), (832.2, 832.2)]","[1.5, 2.0]"
833,833,"[(833.1, 833.1), (833.2, 833.2)]","[1.5, 2.0]"
834,834,"[(834.1, 834.1), (834.2, 834.2)]","[1.5, 2.0]"
835,835,"[(835.1, 835.1), (835.2, 835.2)]","[1.5, 2.0]"
836,836,"[(836.1, 836.1), (836.2, 836.2)]","[1.5, 2.0]"
837,837,"[(837.1, 837.1), (837.2, 837.2)]","[1.5, 2.0]"
838,838,"[(838.1, 838.1), (838.2, 838.2)]","[1.5, 2.0]"
839,839,"[(839.1, 839.1), (839.2, 839.2)]","[1.5, 2.0]"
840,840,"[(840.1, 840.1), (840.2, 840.2)]","[1.5, 2.0]"
841,841,"[(841.1, 841.1), (841.2, 841.2)]","[1.5, 2.0]"
842,842,"[(842.1, 842.1), (842.2, 842.2)]","[1.5, 2.0]"
843,843,"[(843.1, 843.1), (843.2, 843.2)]","[1.5, 2.0]"
844,844,"[(844.1, 844.1), (844.2, 844.2)]","[1.5, 2.0]"
845,845,"[(845.1, 845.1), (845.2, 845.2)]","[1.5, 2.0]"
846,846,"[(846.1, 846.1), (846.2, 846.2)]","[1.5, 2.0]"
847,847,"[(847.1, 847.1), (847.2, 847.2)]","[1.5, 2.0]"
848,848,"[(848.1, 848.1), (848.2, 848.2)]","[1.5, 2.0]"
849,849,"[(849.1, 849.1), (849.2, 849.2)]","[1.5, 2.0]"
850,850,"[(850.1, 850.1), (850.2, 850.2)]","[1.5, 2.0]"
851,851,"[(851.1, 851.1), (851.2, 851.2)]","[1.5, 2.0]"
852,852,"[(852.1, 852.1), (852.2, 852.2)]","[1.5, 2.0]"
853,853,"[(853.1, 853.1), (853.2, 853.2)]","[1.5, 2.0]"
854,854,"[(854.1, 854.1), (854.2, 854.2)]","[1.5, 2.0]"
855,855,"[(855.1, 855.1), (855.2, 855.2)]","[1.5, 2.0]"
856,856,"[(856.1, 856.1), (856.2, 856.2)]","[1.5, 2.0]"
857,857,"[(857.1, 857.1), (857.2, 857.2)]","[1.5, 2.0]"
858,858,"[(858.1, 858.1), (858.2, 858.2)]","[1.5, 2.0]"
859,859,"[(859.1, 859.1), (859.2, 859.2)]","[1.5, 2.0]"
860,860,"[(860.1, 860.1), (860.2, 860.2)]","[1.5, 2.0]"
861,861,"[(861.1, 861.1), (861.2, 861.2)]","[1.5, 2.0]"
862,862,"[(862.1, 862.1), (862.2, 862.2)]","[1.5, 2.0]"
863,863,"[(863.1, 863.1), (863.2, 863.2)]","[1.5, 2.0]"
864,864,"[(864.1, 864.1), (864.2, 864.2)]","[1.5, 2.0]"
865,865,"[(865.1, 865.1), (865.2, 865.2)]","[1.5, 2.0]"
866,866,"[(866.1, 866.1), (866.2, 866.2)]","[1.5, 2.0]"
867,867,"[(867.1, 867.1), (867.2, 867.2)]","[1.5, 2.0]"
868,868,"[(868.1, 868.1), (868.2, 868.2)]","[1.5, 2.0]"
869,869,"[(869.1, 869.1), (869.2, 869.2)]","[1.5, 2.0]"
870,870,"[(870.1, 870.1), (870.2, 870.2)]","[1.5, 2.0]"
871,871,"[(871.1, 871.1), (871.2, 871.2)]","[1.5, 2.0]"
872,872,"[(872.1, 872.1), (872.2, 872.2)]","[1.5, 2.0]"
873,873,"[(873.1, 873.1), (873.2, 873.2)]","[1.5, 2.0]"
874,874,"[(874.1, 874.1), (874.2, 874.2)]","[1.5, 2.0]"
875,875,"[(875.1, 875.1), (875.2, 875.2)]","[1.5, 2.0]"
876,876,"[(876.1, 876.1), (876.2, 876.2)]","[1.5, 2.0]"
877,877,"[(877.1, 877.1), (877.2, 877.2)]","[1.5, 2.0]"
878,878,"[(878.1, 878.1), (878.2, 878.2)]","[1.5, 2.0]"
879,879,"[(879.1, 879.1), (879.2, 879.2)]","[1.5, 2.0]"
880,880,"[(880.1, 880.1), (880.2, 880.2)]","[1.5, 2.0]"
881,881,"[(881.1, 881.1), (881.2, 881.2)]","[1.5, 2.0]"
882,882,"[(882.1, 882.1), (882.2, 882.2)]","[1.5, 2.0]"
883,883,"[(883.1, 883.1), (883.2, 883.2)]","[1.5, 2.0]"
884,884,"[(884.1, 884.1), (884.2, 884.2)]","[1.5, 2.0]"
885,885,"[(885.1, 885.1), (885.2, 885.2)]","[1.5, 2.0]"
886,886,"[(886.1, 886.1), (886.2, 886.2)]","[1.5, 2.0]"
887,887,"[(887.1, 887.1), (887.2, 887.2)]","[1.5, 2.0]"
888,888,"[(888.1, 888.1), (888.2, 888.2)]","[1.5, 2.0]"
889,889,"[(889.1, 889.1), (889.2, 889.2)]","[1.5, 2.0]"
890,890,"[(890.1, 890.1), (890.2, 890.2)]","[1.5, 2.0]"
891,891,"[(891.1, 891.1), (891.2, 891.2)]","[1.5, 2.0]"
892,892,"[(892.1, 892.1), (892.2, 892.2)]","[1.5, 2.0]"
893,893,"[(893.1, 893.1), (893.2, 893.2)]","[1.5, 2.0]"
894,894,"[(894.1, 894.1), (894.2, 894.2)]","[1.5, 2.0]"
895,895,"[(895.1, 895.1), (895.2, 895.2)]","[1.5, 2.0]"
896,896,"[(896.1, 896.1), (896.2, 896.2)]","[1.5, 2.0]"
897,897,"[(897.1, 897.1), (897.2, 897.2)]","[1.5, 2.0]"
898,898,"[(898.1, 898.1), (898.2, 898.2)]","[1.5, 2.0]"
899,899,"[(899.1, 899.1), (899.2, 899.2)]","[1.5, 2.0]"
900,900,"[(900.1, 900.1), (900.2, 900.2)]","[1.5, 2.0]"
901,901,"[(901.1, 901.1), (901.2, 901.2)]","[1.5, 2.0]"
902,902,"[(902.1, 902.1), (902.2, 902.2)]","[1.5, 2.0]"
903,903,"[(903.1, 903.1), (903.2, 903.2)]","[1.5, 2.0]"
904,904,"[(904.1, 904.1), (904.2, 904.2)]","[1.5, 2.0]"
905,905,"[(905.1, 905.1), (905.2, 905.2)]","[1.5, 2.0]"
906,906,"[(906.1, 906.1), (906.2, 906.2)]","[1.5, 2.0]"
907,907,"[(907.1, 907.1), (907.2, 907.2)]","[1.5, 2.0]"
908,908,"[(908.1, 908.1), (908.2, 908.2)]","[1.5, 2.0]"
909,909,"[(909.1, 909.1), (909.2, 909.2)]","[1.5, 2.0]"
910,910,"[(910.1, 910.1), (910.2, 910.2)]","[1.5, 2.0]"
911,911,"[(911.1, 911.1), (911.2, 911.2)]","[1.5, 2.0]"
912,912,"[(912.1, 912.1), (912.2, 912.2)]","[1.5, 2.0]"
913,913,"[(913.1, 913.1), (913.2, 913.2)]","[1.5, 2.0]"
914,914,"[(914.1, 914.1), (914.2, 914.2)]","[1.5, 2.0]"
915,915,"[(915.1, 915.1), (915.2, 915.2)]","[1.5, 2.0]"
916,916,"[(916.1, 916.1), (916.2, 916.2)]","[1.5, 2.0]"
917,917,"[(917.1, 917.1), (917.2, 917.2)]","[1.5, 2.0]"
918,918,"[(918.1, 918.1), (918.2, 918.2)]","[1.5, 2.0]"
919,919,"[(919.1, 919.1), (919.2, 919.2)]","[1.5, 2.0]"
920,920,"[(920.1, 920.1), (920.2, 920.2)]","[1.5, 2.0]"
921,921,"[(921.1, 921.1), (921.2, 921.2)]","[1.5, 2.0]"
922,922,"[(922.1, 922.1), (922.2, 922.2)]","[1.5, 2.0]"
923,923,"[(923.1, 923.1), (923.2, 923.2)]","[1.5, 2.0]"
924,924,"[(924.1, 924.1), (924.2, 924.2)]","[1.5, 2.0]"
925,925,"[(925.1, 925.1), (925.2, 925.2)]","[1.5, 2.0]"
926,926,"[(926.1, 926.1), (926.2, 926.2)]","[1.5, 2.0]"
927,927,"[(927.1, 927.1), (927.2, 927.2)]","[1.5, 2.0]"
928,928,"[(928.1, 928.1), (928.2, 928.2)]","[1.5, 2.0]"
929,929,"[(929.1, 929.1), (929.2, 929.2)]","[1.5, 2.0]"
930,930,"[(930.1, 930.1), (930.2, 930.2)]","[1.5, 2.0]"
931,931,"[(931.1, 931.1), (931.2, 931.2)]","[1.5, 2.0]"
932,932,"[(932.1, 932.1), (932.2, 932.2)]","[1.5, 2.0]"
933,933,"[(933.1, 933.1), (933.2, 933.2)]","[1.5, 2.0]"
934,934,"[(934.1, 934.1), (934.2, 934.2)]","[1.5, 2.0]"
935,935,"[(935.1, 935.1), (935.2, 935.2)]","[1.5, 2.0]"
936,936,"[(936.1, 936.1), (936.2, 936.2)]","[1.5, 2.0]"
937,937,"[(937.1, 937.1), (937.2, 937.2)]","[1.5, 2.0]"
938,938,"[(938.1, 938.1), (938.2, 938.2)]","[1.5, 2.0]"
939,939,"[(939.1, 939.1), (939.2, 939.2)]","[1.5, 2.0]"
940,940,"[(940.1, 940.1), (940.2, 940.2)]","[1.5, 2.0]"
941,941,"[(941.1, 941.1), (941.2, 941.2)]","[1.5, 2.0]"
942,942,"[(942.1, 942.1), (942.2, 942.2)]","[1.5, 2.0]"
943,943,"[(943.1, 943.1), (943.2, 943.2)]","[1.5, 2.0]"
944,944,"[(944.1, 944.1), (944.2, 944.2)]","[1.5, 2.0]"
945,945,"[(945.1, 945.1), (945.2, 945.2)]","[1.5, 2.0]"
946,946,"[(946.1, 946.1), (946.2, 946.2)]","[1.5, 2.0]"
947,947,"[(947.1, 947.1), (947.2, 947.2)]","[1.5, 2.0]"
948,948,"[(948.1, 948.1), (948.2, 948.2)]","[1.5, 2.0]"
949,949,"[(949.1, 949.1), (949.2, 949.2)]","[1.5, 2.0]"
950,950,"[(950.1, 950.1), (950.2, 950.2)]","[1.5, 2.0]"
951,951,"[(951.1, 951.1), (951.2, 951.2)]","[1.5, 2.0]"
952,952,"[(952.1, 952.1), (952.2, 952.2)]","[1.5, 2.0]"
953,953,"[(953.1, 953.1), (953.2, 953.2)]","[1.5, 2.0]"
954,954,"[(954.1, 954.1), (954.2, 954.2)]","[1.5, 2.0]"
955,955,"[(955.1, 955.1), (955.2, 955.2)]","[1.5, 2.0]"
956,956,"[(956.1, 956.1), (956.2, 956.2)]","[1.5, 2.0]"
957,957,"[(957.1, 957.1), (957.2, 957.2)]","[1.5, 2.0]"
958,958,"[(958.1, 958.1), (958.2, 958.2)]","[1.5, 2.0]"
959,959,"[(959.1, 959.1), (959.2, 959.2)]","[1.5, 2.0]"
960,960,"[(960.1, 960.1), (960.2, 960.2)]","[1.5, 2.0]"
961,961,"[(961.1, 961.1), (961.2, 961.2)]","[1.5, 2.0]"
962,962,"[(962.1, 962.1), (962.2, 962.2)]","[1.5, 2.0]"
963,963,"[(963.1, 963.1), (963.2, 963.2)]","[1.5, 2.0]"
964,964,"[(964.1, 964.1), (964.2, 964.2)]","[1.5, 2.0]"
965,965,"[(965.1, 965.1), (965.2, 965.2)]","[1.5, 2.0]"
966,966,"[(966.1, 966.1), (966.2, 966.2)]","[1.5, 2.0]"
967,967,"[(967.1, 967.1), (967.2, 967.2)]","[1.5, 2.0]"
968,968,"[(968.1, 968.1), (968.2, 968.2)]","[1.5, 2.0]"
969,969,"[(969.1, 969.1), (969.2, 969.2)]","[1.5, 2.0]"
970,970,"[(970.1, 970.1), (970.2, 970.2)]","[1.5, 2.0]"
971,971,"[(971.1, 971.1), (971.2, 971.2)]","[1.5, 2.0]"
972,972,"[(972.1, 972.1), (972.2, 972.2)]","[1.5, 2.0]"
973,973,"[(973.1, 973.1), (973.2, 973.2)]","[1.5, 2.0]"
974,974,"[(974.1, 974.1), (974.2, 974.2)]","[1.5, 2.0]"
975,975,"[(975.1, 975.1), (975.2, 975.2)]","[1.5, 2.0]"
976,976,"[(976.1, 976.1), (976.2, 976.2)]","[1.5, 2.0]"
977,977,"[(977.1, 977.1), (977.2, 977.2)]","[1.5, 2.0]"
978,978,"[(978.1, 978.1), (978.2, 978.2)]","[1.5, 2.0]"
979,979,"[(979.1, 979.1), (979.2, 979.2)]","[1.5, 2.0]"
980,980,"[(980.1, 980.1), (980.2, 980.2)]","[1.5, 2.0]"
981,981,"[(981.1, 981.1), (981.2, 981.2)]","[1.5, 2.0]"
982,982,"[(982.1, 982.1), (982.2, 982.2)]","[1.5, 2.0]"
983,983,"[(983.1, 983.1), (983.2, 983.2)]","[1.5, 2.0]"
984,984,"[(984.1, 984.1), (984.2, 984.2)]","[1.5, 2.0]"
985,985,"[(985.1, 985.1), (985.2, 985.2)]","[1.5, 2.0]"
986,986,"[(986.1, 986.1), (986.2, 986.2)]","[1.5, 2.0]"
987,987,"[(987.1, 987.1), (987.2, 987.2)]","[1.5, 2.0]"
988,988,"[(988.1, 988.1), (988.2, 988.2)]","[1.5, 2.0]"
989,989,"[(989.1, 989.1), (989.2, 989.2)]","[1.5, 2.0]"
990,990,"[(990.1, 990.1), (990.2, 990.2)]","[1.5, 2.0]"
991,991,"[(991.1, 991.1), (991.2, 991.2)]","[1.5, 2.0]"
992,992,"[(992.1, 992.1), (992.2, 992.2)]","[1.5, 2.0]"
993,993,"[(993.1, 993.1), (993.2, 993.2)]","[1.5, 2.0]"
994,994,"[(994.1, 994.1), (994.2, 994.2)]","[1.5, 2.0]"
995,995,"[(995.1, 995.1), (995.2, 995.2)]","[1.5, 2.0]"
996,996,"[(996.1, 996.1), (996.2, 996.2)]","[1.5, 2.0]"
997,997,"[(997.1, 997.1), (997.2, 997.2)]","[1.5, 2.0]"
998,998,"[(998.1, 998.1), (998.2, 998.2)]","[1.5, 2.0]"
999,999,"[(999.1, 999.1), (999.2, 999.2)]","[1.5, 2.0]"
